{"stats":{"minecraft:custom":{"minecraft:mob_kills":12,"minecraft:interact_with_crafting_table":4,"minecraft:fill_cauldron":8,"minecraft:leave_game":115,"minecraft:time_since_death":1774,"minecraft:climb_one_cm":15882,"minecraft:sprint_one_cm":373679,"minecraft:walk_one_cm":593420,"minecraft:drop":87,"minecraft:talked_to_villager":1,"minecraft:deaths":24,"minecraft:sneak_time":109500,"minecraft:jump":1663,"minecraft:walk_on_water_one_cm":50851,"minecraft:interact_with_furnace":1,"minecraft:play_one_minute":2664521,"minecraft:sleep_in_bed":1,"minecraft:time_since_rest":1803,"minecraft:damage_taken":145,"minecraft:damage_dealt":1631,"minecraft:fly_one_cm":15509428,"minecraft:open_chest":25,"minecraft:crouch_one_cm":47537,"minecraft:inspect_dispenser":3},"minecraft:dropped":{"minecraft:wolf_spawn_egg":1,"minecraft:soul_sand":1,"minecraft:witch_spawn_egg":1,"minecraft:barrier":2,"minecraft:leather":2,"minecraft:command_block":3,"minecraft:light_blue_concrete_powder":2,"minecraft:spruce_stairs":1,"minecraft:grass_block":1,"minecraft:coal_block":1,"minecraft:lava_bucket":1,"minecraft:dirt":4,"minecraft:wither_skeleton_spawn_egg":1,"minecraft:torch":1,"minecraft:snowball":64,"minecraft:potion":9,"minecraft:prismarine_brick_slab":8,"minecraft:prismarine_slab":1,"minecraft:black_concrete":1,"minecraft:redstone":1,"minecraft:zombie_spawn_egg":1,"minecraft:coarse_dirt":1,"minecraft:prismarine":5,"minecraft:light_blue_concrete":1,"minecraft:skeleton_spawn_egg":1,"minecraft:totem_of_undying":1,"minecraft:prismarine_stairs":1,"minecraft:sea_lantern":2,"minecraft:tipped_arrow":224,"minecraft:lingering_potion":4,"minecraft:mossy_stone_bricks":1,"minecraft:birch_button":2,"minecraft:arrow":64,"minecraft:glass":1,"minecraft:beef":3,"minecraft:prismarine_bricks":3,"minecraft:cyan_concrete_powder":1,"minecraft:splash_potion":4,"minecraft:netherrack":1,"minecraft:egg":2},"minecraft:used":{"minecraft:oak_fence":1435,"minecraft:oak_trapdoor":206,"minecraft:petrified_oak_slab":127,"minecraft:trident":1,"minecraft:iron_bars":59,"minecraft:armor_stand":27,"minecraft:red_concrete":2715,"minecraft:diamond_hoe":496,"minecraft:dispenser":1,"minecraft:redstone":279,"minecraft:ladder":192,"minecraft:oak_sign":96,"minecraft:mycelium":3,"minecraft:light_blue_terracotta":94,"minecraft:spruce_planks":1190,"minecraft:chest":44,"minecraft:white_terracotta":111,"minecraft:stone":511,"minecraft:player_head":1,"minecraft:farmland":4,"minecraft:netherrack":569,"minecraft:oak_door":16,"minecraft:torch":419,"minecraft:dirt":3410,"minecraft:soul_sand":88,"minecraft:anvil":1,"minecraft:cocoa_beans":385,"minecraft:prismarine_bricks":1473,"minecraft:spruce_stairs":180,"minecraft:cobblestone_wall":59,"minecraft:carrot":119,"minecraft:jungle_slab":6,"minecraft:yellow_carpet":130,"minecraft:spruce_fence":52,"minecraft:light_blue_stained_glass":307,"minecraft:blue_concrete":990,"minecraft:oak_fence_gate":16,"minecraft:birch_door":3,"minecraft:glass":1014,"minecraft:dark_oak_planks":23,"minecraft:stone_brick_slab":196,"minecraft:packed_ice":79,"minecraft:sea_lantern":315,"minecraft:lava_bucket":2160,"minecraft:bookshelf":3,"minecraft:iron_block":21,"minecraft:grass_block":2244,"minecraft:oak_stairs":690,"minecraft:birch_sapling":76,"minecraft:jungle_log":416,"minecraft:dark_oak_slab":8,"minecraft:prismarine_slab":41,"minecraft:stone_brick_stairs":33,"minecraft:stone_bricks":394,"minecraft:item_frame":70,"minecraft:bedrock":93,"minecraft:light_gray_wool":1199,"minecraft:birch_button":48,"minecraft:repeater":76,"minecraft:red_carpet":118,"minecraft:redstone_lamp":10,"minecraft:bow":2,"minecraft:magma_block":4,"minecraft:brown_carpet":1,"minecraft:oak_sapling":84,"minecraft:dark_oak_pressure_plate":5,"minecraft:furnace":16,"minecraft:podzol":1137,"minecraft:beetroot_seeds":138,"minecraft:skeleton_skull":3,"minecraft:cyan_concrete_powder":480,"minecraft:horn_coral_block":1,"minecraft:egg":4,"minecraft:potato":119,"minecraft:brown_bed":57,"minecraft:dark_oak_sapling":7,"minecraft:wheat_seeds":128,"minecraft:dark_oak_stairs":47,"minecraft:water_bucket":245,"minecraft:mossy_stone_bricks":3384,"minecraft:cobblestone_stairs":15,"minecraft:spruce_door":3,"minecraft:prismarine_brick_slab":252,"minecraft:birch_planks":562,"minecraft:birch_leaves":197,"minecraft:polished_andesite":113,"minecraft:prismarine":1906,"minecraft:oak_planks":3103,"minecraft:prismarine_stairs":169,"minecraft:lily_pad":204,"minecraft:cauldron":10,"minecraft:sugar_cane":428,"minecraft:cracked_stone_bricks":134,"minecraft:white_wool":3226,"minecraft:mossy_cobblestone":151,"minecraft:sand":1137,"minecraft:yellow_terracotta":116,"minecraft:vine":72,"minecraft:light_blue_concrete":261,"minecraft:oak_slab":285,"minecraft:crafting_table":20,"minecraft:crossbow":16,"minecraft:blue_ice":25,"minecraft:lingering_potion":57,"minecraft:black_bed":2,"minecraft:infested_stone_bricks":515,"minecraft:spruce_log":970,"minecraft:dark_oak_door":4,"minecraft:birch_fence":174,"minecraft:redstone_torch":39,"minecraft:oak_log":3088,"minecraft:black_terracotta":4,"minecraft:flower_pot":13,"minecraft:lever":22,"minecraft:black_concrete":719,"minecraft:black_wool":397,"minecraft:diamond_shovel":1019,"minecraft:birch_fence_gate":13,"minecraft:command_block":105,"minecraft:barrier":189,"minecraft:stone_button":25,"minecraft:cyan_concrete":3,"minecraft:red_terracotta":78,"minecraft:oak_pressure_plate":5,"minecraft:iron_door":11,"minecraft:chiseled_stone_bricks":4,"minecraft:diamond_sword":20,"minecraft:fire_coral_block":1,"minecraft:coal_block":14565,"minecraft:cobblestone":665,"minecraft:light_blue_concrete_powder":559,"minecraft:potion":2,"minecraft:dark_oak_fence":6,"minecraft:andesite":210,"minecraft:birch_log":1125,"minecraft:glass_pane":78,"minecraft:grass_path":204,"minecraft:smooth_stone_slab":92,"minecraft:white_concrete":358,"minecraft:coarse_dirt":2141,"minecraft:splash_potion":36,"minecraft:bone_meal":2550,"minecraft:cobweb":3424,"minecraft:birch_stairs":29},"minecraft:killed":{"minecraft:spider":3,"minecraft:slime":5,"minecraft:creeper":1,"minecraft:zombie":1,"minecraft:villager":1,"minecraft:cow":1},"minecraft:mined":{"minecraft:brown_bed":15},"minecraft:picked_up":{"minecraft:lingering_potion":2,"minecraft:ladder":1,"minecraft:potion":1,"minecraft:birch_button":2,"minecraft:string":4,"minecraft:oak_sign":1,"minecraft:beetroot":1,"minecraft:beef":3,"minecraft:redstone_torch":2,"minecraft:egg":2,"minecraft:tipped_arrow":96,"minecraft:torch":10,"minecraft:redstone":4,"minecraft:arrow":32,"minecraft:rotten_flesh":2,"minecraft:beetroot_seeds":2,"minecraft:iron_door":1,"minecraft:leather":2,"minecraft:prismarine_bricks":1,"minecraft:gunpowder":1,"minecraft:red_carpet":1,"minecraft:wheat_seeds":14,"minecraft:prismarine_brick_slab":2,"minecraft:oak_planks":1,"minecraft:oak_pressure_plate":1,"minecraft:spider_eye":1,"minecraft:sea_lantern":1,"minecraft:light_blue_concrete_powder":1,"minecraft:slime_ball":7,"minecraft:lever":1}},"DataVersion":1976}